{
    "partial_positive_pro": {
        "0.000-0.005": 0.009860271529085323,
        "0.005-0.010": 0.013649480307059444,
        "0.010-0.015": 0.017438689085033567,
        "0.015-0.020": 0.02122789786300769,
        "0.020-0.025": 0.02501710664098181,
        "0.025-0.030": 0.02880631541895593,
        "0.030-0.035": 0.032595524196930056,
        "0.035-0.040": 0.036384732974904174,
        "0.040-0.045": 0.0401739417528783,
        "0.045-0.050": 0.04396315053085242,
        "0.050-0.055": 0.04775235930882654,
        "0.055-0.060": 0.05154156808680066,
        "0.060-0.065": 0.055330776864774785,
        "0.065-0.070": 0.0591199856427489,
        "0.070-0.075": 0.06290919442072303,
        "0.075-0.080": 0.06290919442072303,
        "0.080-0.085": 0.06748953186341587,
        "0.085-0.090": 0.07206986930610873,
        "0.090-0.095": 0.07665020674880157,
        "0.095-0.100": 0.08123054419149443,
        "0.100-0.105": 0.08581088163418728,
        "0.105-0.110": 0.09039121907688014,
        "0.110-0.115": 0.09497155651957298,
        "0.115-0.120": 0.09955189396226582,
        "0.120-0.125": 0.10413223140495868,
        "0.125-0.130": 0.10413223140495868,
        "0.130-0.135": 0.10896080275608587,
        "0.135-0.140": 0.11378937410721304,
        "0.140-0.145": 0.11861794545834023,
        "0.145-0.150": 0.12344651680946742,
        "0.150-0.155": 0.1282750881605946,
        "0.155-0.160": 0.13310365951172176,
        "0.160-0.165": 0.13793223086284895,
        "0.165-0.170": 0.14276080221397613,
        "0.170-0.175": 0.14758937356510332,
        "0.175-0.180": 0.14758937356510332,
        "0.180-0.185": 0.1525446429893669,
        "0.185-0.190": 0.15749991241363048,
        "0.190-0.195": 0.16245518183789406,
        "0.195-0.200": 0.16741045126215764,
        "0.200-0.205": 0.1723657206864212,
        "0.205-0.210": 0.17732099011068478,
        "0.210-0.215": 0.18227625953494836,
        "0.215-0.220": 0.18723152895921194,
        "0.220-0.225": 0.19218679838347552,
        "0.225-0.230": 0.19218679838347552,
        "0.230-0.235": 0.19842571287695976,
        "0.235-0.240": 0.204664627370444,
        "0.240-0.245": 0.21090354186392826,
        "0.245-0.250": 0.2171424563574125,
        "0.250-0.255": 0.22338137085089674,
        "0.255-0.260": 0.22962028534438098,
        "0.260-0.265": 0.23585919983786524,
        "0.265-0.270": 0.24209811433134948,
        "0.270-0.275": 0.24833702882483372,
        "0.275-0.280": 0.24833702882483372,
        "0.280-0.285": 0.2530783503380052,
        "0.285-0.290": 0.2578196718511766,
        "0.290-0.295": 0.26256099336434807,
        "0.295-0.300": 0.26730231487751954,
        "0.300-0.305": 0.27204363639069096,
        "0.305-0.310": 0.2767849579038624,
        "0.310-0.315": 0.2815262794170339,
        "0.315-0.320": 0.2862676009302053,
        "0.320-0.325": 0.2910089224433768,
        "0.325-0.330": 0.2910089224433768,
        "0.330-0.335": 0.2978439708206455,
        "0.335-0.340": 0.30467901919791424,
        "0.340-0.345": 0.31151406757518296,
        "0.345-0.350": 0.3183491159524517,
        "0.350-0.355": 0.3251841643297204,
        "0.355-0.360": 0.3320192127069892,
        "0.360-0.365": 0.3388542610842579,
        "0.365-0.370": 0.34568930946152665,
        "0.370-0.375": 0.3525243578387954,
        "0.375-0.380": 0.3525243578387954,
        "0.380-0.385": 0.3545701961328914,
        "0.385-0.390": 0.3566160344269874,
        "0.390-0.395": 0.35866187272108346,
        "0.395-0.400": 0.3607077110151795,
        "0.400-0.405": 0.3627535493092755,
        "0.405-0.410": 0.36479938760337155,
        "0.410-0.415": 0.3668452258974676,
        "0.415-0.420": 0.3688910641915636,
        "0.420-0.425": 0.37093690248565964,
        "0.425-0.430": 0.37093690248565964,
        "0.430-0.435": 0.3771883577650308,
        "0.435-0.440": 0.38343981304440194,
        "0.440-0.445": 0.3896912683237731,
        "0.445-0.450": 0.39594272360314425,
        "0.450-0.455": 0.4021941788825154,
        "0.455-0.460": 0.40844563416188656,
        "0.460-0.465": 0.4146970894412577,
        "0.465-0.470": 0.42094854472062887,
        "0.470-0.475": 0.4272,
        "0.475-0.480": 0.4272,
        "0.480-0.485": 0.43036135265700487,
        "0.485-0.490": 0.43352270531400966,
        "0.490-0.495": 0.4366840579710145,
        "0.495-0.500": 0.43984541062801935,
        "0.500-0.505": 0.44300676328502414,
        "0.505-0.510": 0.446168115942029,
        "0.510-0.515": 0.44932946859903383,
        "0.515-0.520": 0.4524908212560386,
        "0.520-0.525": 0.45565217391304347,
        "0.525-0.530": 0.45565217391304347,
        "0.530-0.535": 0.46714323569579486,
        "0.535-0.540": 0.47863429747854624,
        "0.540-0.545": 0.4901253592612976,
        "0.545-0.550": 0.501616421044049,
        "0.550-0.555": 0.5131074828268003,
        "0.555-0.560": 0.5245985446095517,
        "0.560-0.565": 0.5360896063923031,
        "0.565-0.570": 0.5475806681750545,
        "0.570-0.575": 0.5590717299578059,
        "0.575-0.580": 0.5590717299578059,
        "0.580-0.585": 0.5602437880918893,
        "0.585-0.590": 0.5614158462259727,
        "0.590-0.595": 0.5625879043600562,
        "0.595-0.600": 0.5637599624941397,
        "0.600-0.605": 0.5649320206282231,
        "0.605-0.610": 0.5661040787623066,
        "0.610-0.615": 0.5672761368963901,
        "0.615-0.620": 0.5684481950304735,
        "0.620-0.625": 0.569620253164557,
        "0.625-0.630": 0.569620253164557,
        "0.630-0.635": 0.5811020000176915,
        "0.635-0.640": 0.5925837468708259,
        "0.640-0.645": 0.6040654937239605,
        "0.645-0.650": 0.6155472405770949,
        "0.650-0.655": 0.6270289874302294,
        "0.655-0.660": 0.6385107342833638,
        "0.660-0.665": 0.6499924811364983,
        "0.665-0.670": 0.6614742279896328,
        "0.670-0.675": 0.6729559748427673,
        "0.675-0.680": 0.6729559748427673,
        "0.680-0.685": 0.6740537355152956,
        "0.685-0.690": 0.675151496187824,
        "0.690-0.695": 0.6762492568603523,
        "0.695-0.700": 0.6773470175328806,
        "0.700-0.705": 0.678444778205409,
        "0.705-0.710": 0.6795425388779374,
        "0.710-0.715": 0.6806402995504657,
        "0.715-0.720": 0.6817380602229941,
        "0.720-0.725": 0.6828358208955224,
        "0.725-0.730": 0.6828358208955224,
        "0.730-0.735": 0.6935664813188958,
        "0.735-0.740": 0.7042971417422691,
        "0.740-0.745": 0.7150278021656424,
        "0.745-0.750": 0.7257584625890158,
        "0.750-0.755": 0.736489123012389,
        "0.755-0.760": 0.7472197834357623,
        "0.760-0.765": 0.7579504438591357,
        "0.765-0.770": 0.768681104282509,
        "0.770-0.775": 0.7794117647058824,
        "0.775-0.780": 0.7794117647058824,
        "0.780-0.785": 0.7882677933051674,
        "0.785-0.790": 0.7971238219044524,
        "0.790-0.795": 0.8059798505037374,
        "0.795-0.800": 0.8148358791030225,
        "0.800-0.805": 0.8236919077023074,
        "0.805-0.810": 0.8325479363015924,
        "0.810-0.815": 0.8414039649008774,
        "0.815-0.820": 0.8502599935001625,
        "0.820-0.825": 0.8591160220994475,
        "0.825-0.830": 0.8591160220994475,
        "0.830-0.835": 0.861243227373422,
        "0.835-0.840": 0.8633704326473963,
        "0.840-0.845": 0.8654976379213708,
        "0.845-0.850": 0.8676248431953453,
        "0.850-0.855": 0.8697520484693196,
        "0.855-0.860": 0.8718792537432941,
        "0.860-0.865": 0.8740064590172686,
        "0.865-0.870": 0.876133664291243,
        "0.870-0.875": 0.8782608695652174,
        "0.875-0.880": 0.8782608695652174,
        "0.880-0.885": 0.881879442444383,
        "0.885-0.890": 0.8854980153235484,
        "0.890-0.895": 0.889116588202714,
        "0.895-0.900": 0.8927351610818794,