{
    "partial_positive_pro": {
        "0.000-0.005": 0.0018138801261829653,
        "0.005-0.010": 0.0023870777030472225,
        "0.010-0.015": 0.0029602752799114795,
        "0.015-0.020": 0.0035334728567757365,
        "0.020-0.025": 0.0041066704336399935,
        "0.025-0.030": 0.0046798680105042505,
        "0.030-0.035": 0.005253065587368508,
        "0.035-0.040": 0.005826263164232765,
        "0.040-0.045": 0.006399460741097022,
        "0.045-0.050": 0.006972658317961279,
        "0.050-0.055": 0.007545855894825536,
        "0.055-0.060": 0.008119053471689792,
        "0.060-0.065": 0.008692251048554051,
        "0.065-0.070": 0.009265448625418308,
        "0.070-0.075": 0.009838646202282565,
        "0.075-0.080": 0.009838646202282565,
        "0.080-0.085": 0.011119531880345004,
        "0.085-0.090": 0.012400417558407442,
        "0.090-0.095": 0.01368130323646988,
        "0.095-0.100": 0.01496218891453232,
        "0.100-0.105": 0.016243074592594758,
        "0.105-0.110": 0.017523960270657196,
        "0.110-0.115": 0.018804845948719635,
        "0.115-0.120": 0.020085731626782073,
        "0.120-0.125": 0.02136661730484451,
        "0.125-0.130": 0.02136661730484451,
        "0.130-0.135": 0.021351292148461196,
        "0.135-0.140": 0.02133596699207788,
        "0.140-0.145": 0.02132064183569456,
        "0.145-0.150": 0.021305316679311244,
        "0.150-0.155": 0.021289991522927928,
        "0.155-0.160": 0.021274666366544612,
        "0.160-0.165": 0.021259341210161292,
        "0.165-0.170": 0.021244016053777976,
        "0.170-0.175": 0.02122869089739466,
        "0.175-0.180": 0.02122869089739466,
        "0.180-0.185": 0.022869147624318815,
        "0.185-0.190": 0.02450960435124297,
        "0.190-0.195": 0.026150061078167128,
        "0.195-0.200": 0.02779051780509128,
        "0.200-0.205": 0.029430974532015437,
        "0.205-0.210": 0.031071431258939592,
        "0.210-0.215": 0.03271188798586375,
        "0.215-0.220": 0.034352344712787905,
        "0.220-0.225": 0.035992801439712056,
        "0.225-0.230": 0.035992801439712056,
        "0.230-0.235": 0.03741916926889292,
        "0.235-0.240": 0.03884553709807377,
        "0.240-0.245": 0.04027190492725463,
        "0.245-0.250": 0.041698272756435485,
        "0.250-0.255": 0.043124640585616346,
        "0.255-0.260": 0.0445510084147972,
        "0.260-0.265": 0.04597737624397806,
        "0.265-0.270": 0.04740374407315892,
        "0.270-0.275": 0.048830111902339775,
        "0.275-0.280": 0.048830111902339775,
        "0.280-0.285": 0.049054261427315206,
        "0.285-0.290": 0.04927841095229064,
        "0.290-0.295": 0.04950256047726607,
        "0.295-0.300": 0.0497267100022415,
        "0.300-0.305": 0.04995085952721692,
        "0.305-0.310": 0.050175009052192354,
        "0.310-0.315": 0.050399158577167785,
        "0.315-0.320": 0.050623308102143216,
        "0.320-0.325": 0.05084745762711865,
        "0.325-0.330": 0.05084745762711865,
        "0.330-0.335": 0.05191070307595732,
        "0.335-0.340": 0.052973948524795984,
        "0.340-0.345": 0.054037193973634656,
        "0.345-0.350": 0.05510043942247332,
        "0.350-0.355": 0.05616368487131199,
        "0.355-0.360": 0.05722693032015066,
        "0.360-0.365": 0.05829017576898933,
        "0.365-0.370": 0.059353421217827995,
        "0.370-0.375": 0.06041666666666667,
        "0.375-0.380": 0.06041666666666667,
        "0.380-0.385": 0.06157276256426398,
        "0.385-0.390": 0.0627288584618613,
        "0.390-0.395": 0.06388495435945861,
        "0.395-0.400": 0.06504105025705592,
        "0.400-0.405": 0.06619714615465323,
        "0.405-0.410": 0.06735324205225054,
        "0.410-0.415": 0.06850933794984787,
        "0.415-0.420": 0.06966543384744518,
        "0.420-0.425": 0.0708215297450425,
        "0.425-0.430": 0.0708215297450425,
        "0.430-0.435": 0.07441236126813942,
        "0.435-0.440": 0.07800319279123634,
        "0.440-0.445": 0.08159402431433327,
        "0.445-0.450": 0.08518485583743018,
        "0.450-0.455": 0.08877568736052711,
        "0.455-0.460": 0.09236651888362404,
        "0.460-0.465": 0.09595735040672096,
        "0.465-0.470": 0.09954818192981787,
        "0.470-0.475": 0.1031390134529148,
        "0.475-0.480": 0.1031390134529148,
        "0.480-0.485": 0.11019764158777612,
        "0.485-0.490": 0.11725626972263745,
        "0.490-0.495": 0.12431489785749876,
        "0.495-0.500": 0.13137352599236007,
        "0.500-0.505": 0.13843215412722137,
        "0.505-0.510": 0.1454907822620827,
        "0.510-0.515": 0.15254941039694403,
        "0.515-0.520": 0.15960803853180533,
        "0.520-0.525": 0.16666666666666666,
        "0.525-0.530": 0.16666666666666666,
        "0.530-0.535": 0.1595636732623034,
        "0.535-0.540": 0.15246067985794012,
        "0.540-0.545": 0.14535768645357686,
        "0.545-0.550": 0.1382546930492136,
        "0.550-0.555": 0.13115169964485032,
        "0.555-0.560": 0.12404870624048706,
        "0.560-0.565": 0.11694571283612379,
        "0.565-0.570": 0.10984271943176052,
        "0.570-0.575": 0.10273972602739725,
        "0.575-0.580": 0.10273972602739725,
        "0.580-0.585": 0.11265753424657533,
        "0.585-0.590": 0.12257534246575343,
        "0.590-0.595": 0.1324931506849315,
        "0.595-0.600": 0.1424109589041096,
        "0.600-0.605": 0.1523287671232877,
        "0.605-0.610": 0.16224657534246575,
        "0.610-0.615": 0.17216438356164385,
        "0.615-0.620": 0.1820821917808219,
        "0.620-0.625": 0.192,
        "0.625-0.630": 0.192,
        "0.630-0.635": 0.19558878504672897,
        "0.635-0.640": 0.19917757009345793,
        "0.640-0.645": 0.20276635514018693,
        "0.645-0.650": 0.2063551401869159,
        "0.650-0.655": 0.20994392523364486,
        "0.655-0.660": 0.21353271028037382,
        "0.660-0.665": 0.2171214953271028,
        "0.665-0.670": 0.22071028037383178,
        "0.670-0.675": 0.22429906542056074,
        "0.675-0.680": 0.22429906542056074,
        "0.680-0.685": 0.22471807764478693,
        "0.685-0.690": 0.22513708986901312,
        "0.690-0.695": 0.2255561020932393,
        "0.695-0.700": 0.2259751143174655,
        "0.700-0.705": 0.22639412654169172,
        "0.705-0.710": 0.2268131387659179,
        "0.710-0.715": 0.2272321509901441,
        "0.715-0.720": 0.2276511632143703,
        "0.720-0.725": 0.22807017543859648,
        "0.725-0.730": 0.22807017543859648,
        "0.730-0.735": 0.22675306885833202,
        "0.735-0.740": 0.22543596227806753,
        "0.740-0.745": 0.22411885569780307,
        "0.745-0.750": 0.22280174911753858,
        "0.750-0.755": 0.22148464253727412,
        "0.755-0.760": 0.22016753595700964,
        "0.760-0.765": 0.21885042937674518,
        "0.765-0.770": 0.2175333227964807,
        "0.770-0.775": 0.21621621621621623,
        "0.775-0.780": 0.21621621621621623,
        "0.780-0.785": 0.2263802263802264,
        "0.785-0.790": 0.23654423654423656,
        "0.790-0.795": 0.24670824670824673,
        "0.795-0.800": 0.2568722568722569,
        "0.800-0.805": 0.26703626703626704,
        "0.805-0.810": 0.27720027720027723,
        "0.810-0.815": 0.2873642873642874,
        "0.815-0.820": 0.29752829752829757,
        "0.820-0.825": 0.3076923076923077,
        "0.825-0.830": 0.3076923076923077,
        "0.830-0.835": 0.3135042735042735,
        "0.835-0.840": 0.3193162393162393,
        "0.840-0.845": 0.3251282051282051,
        "0.845-0.850": 0.3309401709401709,
        "0.850-0.855": 0.3367521367521368,
        "0.855-0.860": 0.3425641025641026,
        "0.860-0.865": 0.3483760683760684,
        "0.865-0.870": 0.3541880341880342,
        "0.870-0.875": 0.36,
        "0.875-0.880": 0.36,
        "0.880-0.885": 0.37439814814814815,
        "0.885-0.890": 0.3887962962962963,