{
    "partial_positive_pro": {
        "0.000-0.005": 0.001754984643884366,
        "0.005-0.010": 0.0022222431391719323,
        "0.010-0.015": 0.0026895016344594984,
        "0.015-0.020": 0.0031567601297470644,
        "0.020-0.025": 0.0036240186250346305,
        "0.025-0.030": 0.004091277120322197,
        "0.030-0.035": 0.004558535615609763,
        "0.035-0.040": 0.005025794110897329,
        "0.040-0.045": 0.005493052606184895,
        "0.045-0.050": 0.005960311101472462,
        "0.050-0.055": 0.006427569596760028,
        "0.055-0.060": 0.006894828092047594,
        "0.060-0.065": 0.00736208658733516,
        "0.065-0.070": 0.007829345082622726,
        "0.070-0.075": 0.008296603577910292,
        "0.075-0.080": 0.008296603577910292,
        "0.080-0.085": 0.008794164856399452,
        "0.085-0.090": 0.00929172613488861,
        "0.090-0.095": 0.009789287413377768,
        "0.095-0.100": 0.010286848691866928,
        "0.100-0.105": 0.010784409970356087,
        "0.105-0.110": 0.011281971248845245,
        "0.110-0.115": 0.011779532527334404,
        "0.115-0.120": 0.012277093805823563,
        "0.120-0.125": 0.012774655084312723,
        "0.125-0.130": 0.012774655084312723,
        "0.130-0.135": 0.01325390803586391,
        "0.135-0.140": 0.013733160987415097,
        "0.140-0.145": 0.014212413938966285,
        "0.145-0.150": 0.014691666890517471,
        "0.150-0.155": 0.01517091984206866,
        "0.155-0.160": 0.015650172793619847,
        "0.160-0.165": 0.016129425745171032,
        "0.165-0.170": 0.01660867869672222,
        "0.170-0.175": 0.017087931648273408,
        "0.175-0.180": 0.017087931648273408,
        "0.180-0.185": 0.018030469937988337,
        "0.185-0.190": 0.018973008227703266,
        "0.190-0.195": 0.019915546517418194,
        "0.195-0.200": 0.020858084807133123,
        "0.200-0.205": 0.02180062309684805,
        "0.205-0.210": 0.022743161386562977,
        "0.210-0.215": 0.023685699676277906,
        "0.215-0.220": 0.024628237965992835,
        "0.220-0.225": 0.025570776255707764,
        "0.225-0.230": 0.025570776255707764,
        "0.230-0.235": 0.02587153833412241,
        "0.235-0.240": 0.02617230041253706,
        "0.240-0.245": 0.026473062490951705,
        "0.245-0.250": 0.02677382456936635,
        "0.250-0.255": 0.027074586647781,
        "0.255-0.260": 0.027375348726195646,
        "0.260-0.265": 0.027676110804610292,
        "0.265-0.270": 0.02797687288302494,
        "0.270-0.275": 0.028277634961439587,
        "0.275-0.280": 0.028277634961439587,
        "0.280-0.285": 0.028396798279257736,
        "0.285-0.290": 0.028515961597075888,
        "0.290-0.295": 0.028635124914894037,
        "0.295-0.300": 0.028754288232712186,
        "0.300-0.305": 0.028873451550530338,
        "0.305-0.310": 0.028992614868348487,
        "0.310-0.315": 0.029111778186166636,
        "0.315-0.320": 0.029230941503984788,
        "0.320-0.325": 0.029350104821802937,
        "0.325-0.330": 0.029350104821802937,
        "0.330-0.335": 0.030800407269949686,
        "0.335-0.340": 0.03225070971809643,
        "0.340-0.345": 0.03370101216624318,
        "0.345-0.350": 0.03515131461438993,
        "0.350-0.355": 0.03660161706253668,
        "0.355-0.360": 0.03805191951068343,
        "0.360-0.365": 0.03950222195883018,
        "0.365-0.370": 0.04095252440697693,
        "0.370-0.375": 0.04240282685512368,
        "0.375-0.380": 0.04240282685512368,
        "0.380-0.385": 0.04309307239832361,
        "0.385-0.390": 0.043783317941523556,
        "0.390-0.395": 0.04447356348472349,
        "0.395-0.400": 0.04516380902792343,
        "0.400-0.405": 0.04585405457112337,
        "0.405-0.410": 0.046544300114323305,
        "0.410-0.415": 0.04723454565752324,
        "0.415-0.420": 0.04792479120072318,
        "0.420-0.425": 0.04861503674392312,
        "0.425-0.430": 0.04861503674392312,
        "0.430-0.435": 0.051190573971806305,
        "0.435-0.440": 0.05376611119968949,
        "0.440-0.445": 0.05634164842757267,
        "0.445-0.450": 0.05891718565545586,
        "0.450-0.455": 0.06149272288333905,
        "0.455-0.460": 0.06406826011122223,
        "0.460-0.465": 0.06664379733910542,
        "0.465-0.470": 0.0692193345669886,
        "0.470-0.475": 0.07179487179487179,
        "0.475-0.480": 0.07179487179487179,
        "0.480-0.485": 0.0705809488418184,
        "0.485-0.490": 0.06936702588876502,
        "0.490-0.495": 0.06815310293571163,
        "0.495-0.500": 0.06693917998265825,
        "0.500-0.505": 0.06572525702960486,
        "0.505-0.510": 0.06451133407655146,
        "0.510-0.515": 0.06329741112349808,
        "0.515-0.520": 0.06208348817044469,
        "0.520-0.525": 0.06086956521739131,
        "0.525-0.530": 0.06086956521739131,
        "0.530-0.535": 0.06323870028456091,
        "0.535-0.540": 0.06560783535173052,
        "0.540-0.545": 0.06797697041890013,
        "0.545-0.550": 0.07034610548606975,
        "0.550-0.555": 0.07271524055323936,
        "0.555-0.560": 0.07508437562040897,
        "0.560-0.565": 0.07745351068757858,
        "0.565-0.570": 0.07982264575474819,
        "0.570-0.575": 0.0821917808219178,
        "0.575-0.580": 0.0821917808219178,
        "0.580-0.585": 0.08478465386292192,
        "0.585-0.590": 0.08737752690392601,
        "0.590-0.595": 0.08997039994493013,
        "0.595-0.600": 0.09256327298593424,
        "0.600-0.605": 0.09515614602693834,
        "0.605-0.610": 0.09774901906794245,
        "0.610-0.615": 0.10034189210894656,
        "0.615-0.620": 0.10293476514995066,
        "0.620-0.625": 0.10552763819095477,
        "0.625-0.630": 0.10552763819095477,
        "0.630-0.635": 0.10402729393388209,
        "0.635-0.640": 0.1025269496768094,
        "0.640-0.645": 0.10102660541973672,
        "0.645-0.650": 0.09952626116266404,
        "0.650-0.655": 0.09802591690559134,
        "0.655-0.660": 0.09652557264851866,
        "0.660-0.665": 0.09502522839144598,
        "0.665-0.670": 0.09352488413437329,
        "0.670-0.675": 0.09202453987730061,
        "0.675-0.680": 0.09202453987730061,
        "0.680-0.685": 0.099866438337185,
        "0.685-0.690": 0.1077083367970694,
        "0.690-0.695": 0.11555023525695379,
        "0.695-0.700": 0.12339213371683819,
        "0.700-0.705": 0.13123403217672258,
        "0.705-0.710": 0.13907593063660698,
        "0.710-0.715": 0.14691782909649137,
        "0.715-0.720": 0.15475972755637576,
        "0.720-0.725": 0.16260162601626016,
        "0.725-0.730": 0.16260162601626016,
        "0.730-0.735": 0.1687772029235444,
        "0.735-0.740": 0.1749527798308286,
        "0.740-0.745": 0.18112835673811284,
        "0.745-0.750": 0.18730393364539705,
        "0.750-0.755": 0.19347951055268128,
        "0.755-0.760": 0.19965508745996552,
        "0.760-0.765": 0.20583066436724973,
        "0.765-0.770": 0.21200624127453394,
        "0.770-0.775": 0.21818181818181817,
        "0.775-0.780": 0.21818181818181817,
        "0.780-0.785": 0.23097643097643097,
        "0.785-0.790": 0.24377104377104375,
        "0.790-0.795": 0.25656565656565655,
        "0.795-0.800": 0.26936026936026936,
        "0.800-0.805": 0.28215488215488216,
        "0.805-0.810": 0.29494949494949496,
        "0.810-0.815": 0.30774410774410776,
        "0.815-0.820": 0.3205387205387205,
        "0.820-0.825": 0.3333333333333333,
        "0.825-0.830": 0.3333333333333333,
        "0.830-0.835": 0.33464437889216647,
        "0.835-0.840": 0.33595542445099963,
        "0.840-0.845": 0.33726647000983284,
        "0.845-0.850": 0.338577515568666,
        "0.850-0.855": 0.33988856112749916,
        "0.855-0.860": 0.3411996066863323,
        "0.860-0.865": 0.3425106522451655,
        "0.865-0.870": 0.3438216978039987,
        "0.870-0.875": 0.34513274336283184,
        "0.875-0.880": 0.34513274336283184,