{
    "partial_positive_pro": {
        "0.000-0.005": 0.0019184825888655613,
        "0.005-0.010": 0.002616870006285774,
        "0.010-0.015": 0.0033152574237059864,
        "0.015-0.020": 0.004013644841126199,
        "0.020-0.025": 0.004712032258546411,
        "0.025-0.030": 0.005410419675966624,
        "0.030-0.035": 0.006108807093386837,
        "0.035-0.040": 0.006807194510807049,
        "0.040-0.045": 0.007505581928227262,
        "0.045-0.050": 0.008203969345647474,
        "0.050-0.055": 0.008902356763067687,
        "0.055-0.060": 0.0096007441804879,
        "0.060-0.065": 0.010299131597908113,
        "0.065-0.070": 0.010997519015328326,
        "0.070-0.075": 0.011695906432748537,
        "0.075-0.080": 0.011695906432748537,
        "0.080-0.085": 0.013215910145734706,
        "0.085-0.090": 0.014735913858720875,
        "0.090-0.095": 0.016255917571707044,
        "0.095-0.100": 0.017775921284693214,
        "0.100-0.105": 0.019295924997679383,
        "0.105-0.110": 0.02081592871066555,
        "0.110-0.115": 0.02233593242365172,
        "0.115-0.120": 0.02385593613663789,
        "0.120-0.125": 0.02537593984962406,
        "0.125-0.130": 0.02537593984962406,
        "0.130-0.135": 0.026589542597352307,
        "0.135-0.140": 0.027803145345080556,
        "0.140-0.145": 0.029016748092808808,
        "0.145-0.150": 0.030230350840537056,
        "0.150-0.155": 0.03144395358826531,
        "0.155-0.160": 0.03265755633599356,
        "0.160-0.165": 0.033871159083721805,
        "0.165-0.170": 0.035084761831450054,
        "0.170-0.175": 0.0362983645791783,
        "0.175-0.180": 0.0362983645791783,
        "0.180-0.185": 0.036183488917847825,
        "0.185-0.190": 0.036068613256517355,
        "0.190-0.195": 0.03595373759518688,
        "0.195-0.200": 0.0358388619338564,
        "0.200-0.205": 0.03572398627252593,
        "0.205-0.210": 0.035609110611195455,
        "0.210-0.215": 0.03549423494986498,
        "0.215-0.220": 0.03537935928853451,
        "0.220-0.225": 0.03526448362720403,
        "0.225-0.230": 0.03526448362720403,
        "0.230-0.235": 0.037080974693715414,
        "0.235-0.240": 0.03889746576022679,
        "0.240-0.245": 0.040713956826738174,
        "0.245-0.250": 0.04253044789324955,
        "0.250-0.255": 0.04434693895976093,
        "0.255-0.260": 0.04616343002627231,
        "0.260-0.265": 0.04797992109278369,
        "0.265-0.270": 0.049796412159295075,
        "0.270-0.275": 0.05161290322580645,
        "0.275-0.280": 0.05161290322580645,
        "0.280-0.285": 0.0550713522412938,
        "0.285-0.290": 0.058529801256781144,
        "0.290-0.295": 0.061988250272268494,
        "0.295-0.300": 0.06544669928775584,
        "0.300-0.305": 0.0689051483032432,
        "0.305-0.310": 0.07236359731873054,
        "0.310-0.315": 0.07582204633421788,
        "0.315-0.320": 0.07928049534970523,
        "0.320-0.325": 0.08273894436519258,
        "0.325-0.330": 0.08273894436519258,
        "0.330-0.335": 0.0856553522889241,
        "0.335-0.340": 0.08857176021265563,
        "0.340-0.345": 0.09148816813638715,
        "0.345-0.350": 0.09440457606011868,
        "0.350-0.355": 0.0973209839838502,
        "0.355-0.360": 0.10023739190758171,
        "0.360-0.365": 0.10315379983131324,
        "0.365-0.370": 0.10607020775504478,
        "0.370-0.375": 0.1089866156787763,
        "0.375-0.380": 0.1089866156787763,
        "0.380-0.385": 0.1085585999730932,
        "0.385-0.390": 0.10813058426741008,
        "0.390-0.395": 0.10770256856172698,
        "0.395-0.400": 0.10727455285604388,
        "0.400-0.405": 0.10684653715036077,
        "0.405-0.410": 0.10641852144467767,
        "0.410-0.415": 0.10599050573899457,
        "0.415-0.420": 0.10556249003331146,
        "0.420-0.425": 0.10513447432762836,
        "0.425-0.430": 0.10513447432762836,
        "0.430-0.435": 0.10691220169328707,
        "0.435-0.440": 0.10868992905894577,
        "0.440-0.445": 0.11046765642460447,
        "0.445-0.450": 0.11224538379026318,
        "0.450-0.455": 0.11402311115592188,
        "0.455-0.460": 0.11580083852158059,
        "0.460-0.465": 0.11757856588723929,
        "0.465-0.470": 0.119356293252898,
        "0.470-0.475": 0.1211340206185567,
        "0.475-0.480": 0.1211340206185567,
        "0.480-0.485": 0.12787670519629282,
        "0.485-0.490": 0.13461938977402896,
        "0.490-0.495": 0.14136207435176507,
        "0.495-0.500": 0.1481047589295012,
        "0.500-0.505": 0.15484744350723734,
        "0.505-0.510": 0.16159012808497344,
        "0.510-0.515": 0.16833281266270958,
        "0.515-0.520": 0.1750754972404457,
        "0.520-0.525": 0.18181818181818182,
        "0.525-0.530": 0.18181818181818182,
        "0.530-0.535": 0.18521498167515868,
        "0.535-0.540": 0.1886117815321355,
        "0.540-0.545": 0.19200858138911236,
        "0.545-0.550": 0.19540538124608922,
        "0.550-0.555": 0.19880218110306605,
        "0.555-0.560": 0.2021989809600429,
        "0.560-0.565": 0.20559578081701976,
        "0.565-0.570": 0.2089925806739966,
        "0.570-0.575": 0.21238938053097345,
        "0.575-0.580": 0.21238938053097345,
        "0.580-0.585": 0.20826820544762933,
        "0.585-0.590": 0.20414703036428525,
        "0.590-0.595": 0.20002585528094113,
        "0.595-0.600": 0.19590468019759702,
        "0.600-0.605": 0.19178350511425293,
        "0.605-0.610": 0.18766233003090882,
        "0.610-0.615": 0.1835411549475647,
        "0.615-0.620": 0.17941997986422062,
        "0.620-0.625": 0.1752988047808765,
        "0.625-0.630": 0.1752988047808765,
        "0.630-0.635": 0.18409496932903308,
        "0.635-0.640": 0.19289113387718965,
        "0.640-0.645": 0.20168729842534625,
        "0.645-0.650": 0.21048346297350282,
        "0.650-0.655": 0.2192796275216594,
        "0.655-0.660": 0.22807579206981599,
        "0.660-0.665": 0.23687195661797256,
        "0.665-0.670": 0.24566812116612913,
        "0.670-0.675": 0.2544642857142857,
        "0.675-0.680": 0.2544642857142857,
        "0.680-0.685": 0.2634214244161888,
        "0.685-0.690": 0.2723785631180919,
        "0.690-0.695": 0.281335701819995,
        "0.695-0.700": 0.29029284052189813,
        "0.700-0.705": 0.2992499792238012,
        "0.705-0.710": 0.3082071179257043,
        "0.710-0.715": 0.3171642566276074,
        "0.715-0.720": 0.3261213953295105,
        "0.720-0.725": 0.33507853403141363,
        "0.725-0.730": 0.33507853403141363,
        "0.730-0.735": 0.32367604584468734,
        "0.735-0.740": 0.3122735576579611,
        "0.740-0.745": 0.3008710694712348,
        "0.745-0.750": 0.28946858128450853,
        "0.750-0.755": 0.2780660930977823,
        "0.755-0.760": 0.266663604911056,
        "0.760-0.765": 0.2552611167243297,
        "0.765-0.770": 0.24385862853760348,
        "0.770-0.775": 0.2324561403508772,
        "0.775-0.780": 0.2324561403508772,
        "0.780-0.785": 0.24822852286060068,
        "0.785-0.790": 0.26400090537032417,
        "0.790-0.795": 0.2797732878800477,
        "0.795-0.800": 0.29554567038977114,
        "0.800-0.805": 0.31131805289949466,
        "0.805-0.810": 0.3270904354092181,
        "0.810-0.815": 0.34286281791894163,
        "0.815-0.820": 0.35863520042866515,
        "0.820-0.825": 0.3744075829383886,
        "0.825-0.830": 0.3744075829383886,
        "0.830-0.835": 0.38101610678086334,
        "0.835-0.840": 0.3876246306233381,
        "0.840-0.845": 0.3942331544658128,
        "0.845-0.850": 0.40084167830828754,
        "0.850-0.855": 0.4074502021507622,
        "0.855-0.860": 0.41405872599323695,
        "0.860-0.865": 0.4206672498357117,
        "0.865-0.870": 0.4272757736781864,
        "0.870-0.875": 0.43388429752066116,
        "0.875-0.880": 0.43388429752066116,
        "0.880-0.885": 0.4589072543617998,